[
    {
        "id" : 1,
        "name" : "coca-cola",
        "img": "param/img/product/coca.png",
        "realPrice": 0.65,
        "wrongPrice": 1.00
    },

    {
        "id" : 2,
        "name" : "tagada",
        "img": "param/img/product/fraise.png",
        "realPrice": 1.50,
        "wrongPrice": 2.00
    },
      
    {
        "id" : 3,
        "name" : "Pack de lait",
        "img": "param/img/product/lait.png",
        "realPrice" : 1.10,
        "wrongPrice" : 0.85
    },
        
    {
        "id" : 4,
        "name" : "pain",
        "img" : "param/img/product/pain.png",
        "realPrice" : 0.85,
        "wrongPrice" : 0.50
    },
    
    {
        "id" : 5,
        "name" : "eau",
        "img": "param/img/product/eau.png",
        "realPrice": 2.82,
        "wrongPrice": 2.50
    },
    
    {
        "id" : 6,
        "name" : "saucisse",
        "img": "param/img/product/saucisse.png",
        "realPrice": 2.30,
        "wrongPrice": 3.00
    },

    {
        "id" : 7,
        "name" : "brioche",
        "img": "param/img/product/pitch.png",
        "realPrice": 1.30,
        "wrongPrice": 1.80
    },
    
    {
        "id" : 8,
        "name" : "chocolat",
        "img": "param/img/product/chocolat.png",
        "realPrice": 1.20,
        "wrongPrice": 1.00
    },
    
    {
        "id" : 9,
        "name" : "beurre",
        "img": "param/img/product/beurre.png",
        "realPrice": 3.20,
        "wrongPrice": 2.50
    },
    
    {
        "id" : 10,
        "name" : "jus",
        "img": "param/img/product/jus.png",
        "realPrice": 1.75,
        "wrongPrice": 2.00
    },
    
    {
        "id" : 11,
        "name" : "alu",
        "img": "param/img/product/alu.png",
        "realPrice": 3.00,
        "wrongPrice": 2.75
    }

]